country,avg_production,avg_employment_agri,avg_rural_growth,avg_investment,prod_n,social_n,rural_n,inv_n,esg_score
Brazil,3321375,8.691918917473341,-1.481417992920052,17.293601775955878,1,0,0.044469648093747115,0,0.7433295527859379
Honduras,364126.194,22.68914989395886,0.5651232634835458,22.98046080142464,0.0013607751117115552,0.803437422091365,1,1,0.2996169157662578
Peru,360096.56,26.113600546455,-1.576662449885802,20.29532079938518,0,1,0,0.5278342596477277,0.28195856491193194
Colombia,715892.062,14.84325990180628,0.1945019116001162,18.21881135943156,0.12014928998031,0.35308537461159534,0.8269568474708019,0.16269254773717845,0.270410517653884
